Nom,Sexe,Identifiant,"État
membre"
ABADJIEV Dimitar,M,34255,BG
ADAMOU Adamos,M,28469,CY
ADWENT Filip,M,28302,PL
AGNOLETTO Vittorio,M,28975,IT
AITA Vincenzo,M,36583,IT
ALBERTINI Gabriele,M,28367,IT
ALI Nedzhmi,M,34250,BG
ALLISTER Jim,M,28512,GB
ALVARO Alexander,M,28246,DE
ANASTASE Roberta Alma,F,33964,RO
ANDERSSON Jan,M,2107,SE
ANDREJEVS Georgs,M,28620,LV
ANDRIA Alfonso,M,28363,IT
ANDRIKIENĖ Laima Liucija,F,28276,LT
ANGELAKAS Emmanouil,M,39316,GR
ANGELILLI Roberta,F,1941,IT
ANTINUCCI Rapisardo,M,72723,IT
ANTOCHI Alin Lucian,M,95280,RO
ANTONIOZZI Alfredo,M,28422,IT
ARABADJIEV Alexander,M,34228,BG
ARIF Kader,M,28137,FR
ARNAOUTAKIS Stavros,M,28578,GR
ASHWORTH Richard,M,28132,GB
ASSIS Francisco,M,28307,PT
ATHANASIU Alexandru,M,33994,RO
ATKINS Robert,M,4537,GB
ATTARD-MONTALTO John,M,23938,MT
ATTWOOLL Elspeth,F,4547,GB
AUBERT Marie-Hélène,F,28213,FR
AUDY Jean-Pierre,M,33775,FR
AUKEN Margrete,F,28161,DK
AYALA SENDER Inés,F,28292,ES
AYLWARD Liam,M,28114,IE
AYUSO Pilar,F,4319,ES
BACHELOT-NARQUIN Roselyne,F,28179,FR
BACO Peter,M,28195,SK
BADIA i CUTCHET Maria,F,28342,ES
BAEVA Mariela Velichkova,F,38606,BG
BĂRBULEŢIU Tiberiu,M,33967,RO
BARÓN CRESPO Enrique,M,1352,ES
BARSI-PATAKY Etelka,F,28136,HU
BARTOLOZZI Paolo,M,21818,IT
BASILE Domenico Antonio,M,72722,IT
BATTEN Gerard,M,28497,GB
BATTILOCCHIO Alessandro,M,28427,IT
BATZELI Katerina,F,28579,GR
BAUER Edit,F,23866,SK
BAUTISTA Daniel,M,96101,ES
BEAUPUY Jean Marie,M,28205,FR
BEAZLEY Christopher,M,1429,GB
BECŞENESCU Dumitru,M,33965,RO
BECSEY Zsolt László,M,28138,HU
BEDINGFIELD Glenn,M,94508,MT
BEER Angelika,F,28234,DE
BEGLITIS Panagiotis,M,28580,GR
BELDER Bas,M,4507,NL
BELET Ivo,M,28257,BE
BELOHORSKÁ Irena,F,28196,SK
BENNAHMIAS Jean-Luc,M,28214,FR
BEREND Rolf,M,1842,DE
BERÈS Pervenche,F,1985,FR
van den BERG Margrietus,M,4480,NL
BERGER Maria,F,2285,AT
BERLATO Sergio,M,4746,IT
BERLINGUER Giovanni,M,28369,IT
BERMAN Thijs,M,28174,NL
BERSANI Pier Luigi,M,28329,IT
BERTINOTTI Fausto,M,2023,IT
BIELAN Adam,M,23788,PL
BINEV Slavi,M,38610,BG
BIRUTIS Šarūnas,M,28216,LT
BLIZNASHKI Georgi,M,34230,BG
BLOKLAND Johannes,M,1969,NL
BLOOM Godfrey,M,28513,GB
BOBOŠÍKOVÁ Jana,F,28359,CZ
BODU Sebastian Valentin,M,39722,RO
BÖGE Reimer,M,1037,DE
BONDE Jens-Peter,M,1275,DK
BONINO Emma,F,1566,IT
BONO Guy,M,28140,FR
BONSIGNORE Vito,M,29074,IT
BOOTH Graham,M,23286,GB
BORGHEZIO Mario,M,21817,IT
BORRELL FONTELLES Josep,M,28267,ES
BÖSCH Herbert,M,2048,AT
BOSO Erminio Enzo,M,72753,IT
BOSSI Umberto,M,2036,IT
BOŞTINARU Victor,M,39711,RO
BOTOPOULOS Costas,M,39318,GR
BOURLANGES Jean-Louis,M,1026,FR
BOURSIER Catherine,F,58711,FR
BOURZAI Bernadette,F,28143,FR
BOVA Giuseppe,M,41003,IT
BOWIS John,M,4527,GB
BOWLES Sharon,F,33570,GB
BOZKURT Emine,F,28171,NL
BRADBOURN Philip,M,4540,GB
BRAGHETTO Iles,M,34174,IT
BREJC Mihael,M,23713,SI
BREPOELS Frieda,F,28463,BE
BRESSO Mercedes,F,28346,IT
BREYER Hiltrud,F,1059,DE
BŘEZINA Jan,M,28354,CZ
BRIE André,M,4298,DE
BROK Elmar,M,1263,DE
BRUNETTA Renato,M,4422,IT
BUDREIKAITĖ Danutė,F,28268,LT
van BUITENEN Paul,M,28264,NL
BUITENWEG Kathalijne Maria,F,4504,NL
BULFON Wolfgang,M,37761,AT
BULLMANN Udo,M,4267,DE
BULZESC Nicodim,M,39720,RO
van den BURG Ieke,F,4483,NL
BURKE Colm,M,38724,IE
BURUIANĂ-APRODU Daniela,F,33966,RO
BUSHILL-MATTHEWS Philip,M,4535,GB
BUSK Niels,M,4442,DK
BUŞOI Cristian-Silviu,M,38420,RO
BUSQUIN Philippe,M,4248,BE
BUSUTTIL Simon,M,28120,MT
BUZEK Jerzy,M,28269,PL
CABRNOCH Milan,M,28324,CZ
CALABUIG RULL Joan,M,28322,ES
CALIA Maddalena,F,93776,IT
CALLANAN Martin,M,4536,GB
CAMRE Mogens,M,4439,DK
CAPOULAS SANTOS Luis Manuel,M,28311,PT
CAPPATO Marco,M,4740,IT
CAPPONE Maria,F,34253,BG
CARLOTTI Marie-Arlette,F,2031,FR
CARNERO GONZÁLEZ Carlos,M,1973,ES
CAROLLO Giorgio,M,28415,IT
CASA David,M,28122,MT
CASACA Paulo,M,4447,PT
CASHMAN Michael,M,4532,GB
CASINI Carlo,M,988,IT
CASPARY Daniel,M,28219,DE
CASTEX Françoise,F,28148,FR
CASTIGLIONE Giuseppe,M,28459,IT
del CASTILLO VERA Pilar,F,28390,ES
CATANIA Giusto,M,28979,IT
CAVADA Jean-Marie,M,28206,FR
CEDERSCHIÖLD Charlotte,F,2110,SE
CERCAS Alejandro,M,4337,ES
CESA Lorenzo,M,28451,IT
CHATZIMARKAKIS Jorgo,M,28243,DE
CHERVENYAKOV Mladen Petrov,M,37525,BG
CHICHESTER Giles,M,2097,GB
CHIESA Giulietto,M,28973,IT
CHIRIŢĂ Călin Cătălin,M,95018,RO
CHMIELEWSKI Zdzisław Kazimierz,M,28274,PL
CHRISTENSEN Ole,M,28154,DK
CHRISTOVA Christina,F,34248,BG
CHRUSZCZ Sylwester,M,28325,PL
CHUKOLOV Desislav,M,38603,BG
CIANI Fabio,M,41005,IT
CIORNEI Silvia,F,33995,RO
CIOROIANU Adrian-Mihai,M,33996,RO
CIRINO POMICINO Paolo,M,28978,IT
CLAEYS Philip,M,24030,BE
CLARK Derek Roland,M,28493,GB
COCILOVO Luigi,M,4470,IT
COELHO Carlos,M,1892,PT
COHN-BENDIT Daniel,M,1934,FR
COLMAN Trevor,M,94283,GB
CORBETT Richard,M,2309,GB
CORBEY Dorette,F,4558,NL
CORDA Giovanna,F,39023,BE
CORLĂŢEAN Titus,M,33968,RO
CORNILLET Thierry,M,4338,FR
CORREIA Fausto,M,28309,PT
COŞEA Dumitru Gheorghe Mircea,M,33976,RO
COSTA António,M,28303,PT
COSTA Paolo,M,4747,IT
COTTIGNY Jean Louis,M,2315,FR
COÛTEAUX Paul Marie,M,4383,FR
COVENEY Simon,M,28118,IE
CRAMER Michael,M,28238,DE
CREMERS Jan,M,40818,NL
CREŢU Corina,F,33997,RO
CREŢU Gabriela,F,33977,RO
CROWLEY Brian,M,2109,IE
CSIBI Magor Imre,M,39719,RO
CZARNECKI Marek Aleksander,M,28371,PL
CZARNECKI Ryszard,M,28372,PL
DAHL Hanne,F,40817,DK
DĂIANU Daniel,M,39716,RO
D'ALEMA Massimo,M,28431,IT
DĂNCILĂ Viorica,F,95281,RO
DAUL Joseph,M,4342,FR
DAVID Dragoş Florin,M,39712,RO
DAVIES Chris,M,4554,GB
DE BLASIO Antonio,M,36748,HU
de BRÚN Bairbre,F,28511,GB
DEGUTIS Arūnas,M,28270,LT
DEHAENE Jean-Luc,M,28256,BE
DE KEYSER Véronique,F,22097,BE
DEL TURCO Ottaviano,M,28432,IT
DEMETRIOU Panayiotis,M,23730,CY
DE MICHELIS Gianni,M,28452,IT
DEMSZKY Gábor,M,28203,HU
DENANOT Jean-Paul,M,94282,FR
DE POLI Antonio,M,28417,IT
DEPREZ Gérard,M,1473,BE
DE ROSSA Proinsias,M,1289,IE
de SARNEZ Marielle,F,4335,FR
DESCAMPS Marie-Hélène,F,22859,FR
DÉSIR Harlem,M,4318,FR
DESS Albert,M,28228,DE
DEVA Nirj,M,4556,GB
DE VEYRAC Christine,F,4347,FR
DE VITS Mia,F,28259,BE
DÍAZ DE MERA GARCÍA CONSUEGRA Agustín,M,28397,ES
DIČKUTĖ Jolanta,F,28272,LT
DIDŽIOKAS Gintaras,M,23747,LT
DÍEZ GONZÁLEZ Rosa,F,4327,ES
DILLEN Koenraad,M,24029,BE
DIMITRAKOPOULOS Giorgos,M,2185,GR
DIMITROV Konstantin,M,37488,BG
DIMITROV Martin,M,34252,BG
DIMITROV Philip Dimitrov,M,37526,BG
DÎNCU Vasile,M,33998,RO
DIONISI Armando,M,28426,IT
DI PIETRO Antonio,M,4404,IT
DOBOLYI Alexandra,F,28637,HU
DOMBROVSKIS Valdis,M,28618,LV
DONNICI Beniamino,M,38399,IT
DOORN Bert,M,4500,NL
DOUAY Brigitte,F,28157,FR
DOVER Den,M,4552,GB
DOYLE Avril,F,4382,IE
DRČAR MURKO Mojca,F,28305,SI
DROUTSAS Konstantinos,M,58782,GR
DUCA Viorel,M,33999,RO
DUCHOŇ Petr,M,28315,CZ
DUFF Andrew,M,4514,GB
DÜHRKOP DÜHRKOP Bárbara,F,1313,ES
DUIN Garrelt,M,5969,DE
DUKA-ZÓLYOMI Árpád,M,28197,SK
DUMITRESCU Cristian,M,33978,RO
DUMITRIU Constantin,M,39718,RO
DUQUESNE Antoine,M,28841,BE
EBNER Michl,M,2075,IT
EHLER Christian,M,28226,DE
EK Lena,F,28127,SE
EL KHADRAOUI Saïd,M,25718,BE
ELLES James,M,1419,GB
ESTEVES Maria da Assunção,F,28401,PT
ESTRELA Edite,F,28310,PT
ETTL Harald,M,2286,AT
EURLINGS Camiel,M,28163,NL
EVANS Jill,F,4550,GB
EVANS Jonathan,M,4549,GB
EVANS Robert,M,2099,GB
FAJMON Hynek,M,23695,CZ
FALBR Richard,M,23840,CZ
FARAGE Nigel,M,4525,GB
FÄRM Göran,M,4265,SE
FATUZZO Carlo,M,4413,IT
FAVA Claudio,M,4469,IT
FAZAKAS Szabolcs,M,23804,HU
FERBER Markus,M,1917,DE
FERNANDES Emanuel Jardim,M,28318,PT
FERNÁNDEZ MARTÍN Fernando,M,2012,ES
FERRARI Francesco,M,38849,IT
FERREIRA Anne,F,5735,FR
FERREIRA Elisa,F,28308,PT
FIGUEIREDO Ilda,F,4466,PT
FILIP Petru,M,39710,RO
FIORE Roberto,M,41004,IT
FJELLNER Christofer,M,28126,SE
FLASAROVÁ Věra,F,28336,CZ
FLAŠÍKOVÁ BEŇOVÁ Monika,F,23868,SK
FLAUTRE Hélène,F,4385,FR
FLORENZ Karl-Heinz,M,1038,DE
FOGLIETTA Alessandro,M,28425,IT
FOLTYN-KUBICKA Hanna,F,34930,PL
FONTAINE Nicole,F,945,FR
FORD Glyn,M,1413,GB
FOTYGA Anna Elżbieta,F,28353,PL
FOURÉ Brigitte,F,39956,FR
FOURTOU Janelly,F,4336,FR
FRAGA ESTÉVEZ Carmen,F,1993,ES
FRAILE CANTÓN Juan,M,40600,ES
FRANÇA Armando,M,39510,PT
FRASSONI Monica,F,4254,IT
FREITAS Duarte,M,28403,PT
FRIEDRICH Ingo,M,1264,DE
FRUNZĂVERDE Sorin,M,39708,RO
FRUTEAU Jean-Claude,M,4297,FR
FUNERIU Daniel Petru,M,95020,RO
GABRIELE Corrado,M,36391,IT
GACEK Urszula,F,39763,PL
GAHLER Michael,M,2341,DE
GÁL Kinga,F,28150,HU
GAĽA Milan,M,26833,SK
GALEOTE Gerardo,M,2001,ES
GANŢ Ovidiu Victor,M,33979,RO
GARCÉS RAMÓN Vicente Miguel,M,39321,ES
GARCÍA-MARGALLO Y MARFIL José Manuel,M,1992,ES
GARCÍA PÉREZ Iratxe,F,28298,ES
GARDINI Elisabetta,F,58758,IT
GARGANI Giuseppe,M,4562,IT
GARRIGA POLLEDO Salvador,M,1665,ES
GAUBERT Patrick,M,28183,FR
GAUZÈS Jean-Paul,M,28193,FR
GAWRONSKI Jas,M,1113,IT
GEBHARDT Evelyne,F,1913,DE
GENTVILAS Eugenijus,M,28283,LT
GEORGIOU Georgios,M,39320,GR
GEREMEK Bronisław,M,28384,PL
GERINGER de OEDENBERG Lidia Joanna,F,28377,PL
GEWALT Roland,M,34757,DE
GIBAULT Claire,F,28207,FR
GIEREK Adam,M,28379,PL
GIERTYCH Maciej Marian,M,24088,PL
GILL Neena,F,4533,GB
GIUNTINI Monica,F,94391,IT
GKLAVAKIS Ioannis,M,28570,GR
GLANTE Norbert,M,1902,DE
GLATTFELDER Béla,M,28145,HU
GOBBO Gian Paolo,M,4741,IT
GOEBBELS Robert,M,4429,LU
GOEPEL Lutz,M,1845,DE
GOLIK Bogdan,M,28373,PL
GOLLNISCH Bruno,M,1164,FR
GOMES Ana,F,28306,PT
GOMOLKA Alfred,M,1923,DE
GOTTARDI Donata,F,36395,IT
GOUDIN Hélène,F,28146,SE
GRABOWSKA Genowefa,F,23717,PL
GRABOWSKI Dariusz Maciej,M,28332,PL
GRAÇA MOURA Vasco,M,4450,PT
GRAEFE zu BARINGDORF Friedrich-Wilhelm,M,1040,DE
de GRANDES PASCUAL Luis,M,28393,ES
GRÄSSLE Ingeborg,F,28220,DE
GRAU i SEGÚ Martí,M,40601,ES
GRECH Louis,M,28123,MT
GRIESBECK Nathalie,F,28208,FR
de GROEN-KOUWENHOVEN Elly,F,28265,NL
GRÖNER Lissy,F,1061,DE
GROOTE Matthias,M,34728,DE
GROSCH Mathieu,M,2247,BE
GROSSETÊTE Françoise,F,2025,FR
GRUBER Lilli,F,28368,IT
GUARDANS CAMBÓ Ignasi,M,28411,ES
GUELLEC Ambroise,M,28194,FR
GUERREIRO Pedro,M,31123,PT
GUIDONI Umberto,M,28974,IT
GURMAI Zita,F,23805,HU
GUTIÉRREZ-CORTINES Cristina,F,4326,ES
GUY-QUINT Catherine,F,4314,FR
GYÜRK András,M,23816,HU
HALL Fiona,F,28477,GB
HĂMBĂŞAN Ioan Lucian,M,95704,RO
HAMMERSTEIN David,M,28345,ES
HAMON Benoît,M,28159,FR
HANDZLIK Małgorzata,F,28275,PL
HANNAN Daniel,M,4555,GB
HÄNSCH Klaus,M,1266,DE
HARANGOZÓ Gábor,M,28199,HU
HARBOUR Malcolm,M,4538,GB
HARKIN Marian,F,28116,IE
HARMS Rebecca,F,28233,DE
HASSE FERREIRA Joel,M,31730,PT
HASSI Satu,F,28321,FI
HATZIDAKIS Konstantinos,M,2186,GR
HAUG Jutta,F,1914,DE
HAZAN Adeline,F,4299,FR
HEATON-HARRIS Christopher,M,4517,GB
HEDH Anna,F,28131,SE
HEDKVIST PETERSEN Ewa,F,4266,SE
HEGYI Gyula,M,23806,HU
HELLVIG Eduard-Raul,M,37448,RO
HELMER Roger,M,4516,GB
HÉNIN Jacky,M,28215,FR
HENNICOT-SCHOEPGES Erna,F,29019,LU
HENNIS-PLASSCHAERT Jeanine,F,28176,NL
HERCZOG Edit,F,28155,HU
HERRANZ GARCÍA Esther,F,22418,ES
HERRERO-TEJEDOR Luis,M,28396,ES
HIERONYMI Ruth,F,4279,DE
HIGGINS Jim,M,28117,IE
HOGEA Vlad Gabriel,M,33980,RO
HÖKMARK Gunnar,M,28124,SE
HOLM Jens,M,37008,SE
HOŁOWCZYC Krzysztof,M,39764,PL
HONEYBALL Mary,F,5846,GB
HOPPENSTEDT Karsten Friedrich,M,1222,DE
HORÁČEK Milan,M,28239,DE
HORTEFEUX Brice,M,5565,FR
HOWITT Richard,M,2073,GB
HUDACKÝ Ján,M,28180,SK
HUDGHTON Ian,M,2338,GB
HUGHES Stephen,M,1407,GB
HUHNE Christopher,M,4523,GB
HUTCHINSON Alain,M,28282,BE
HYBÁŠKOVÁ Jana,F,28350,CZ
HYUSMENOVA Filiz,F,34249,BG
IACOB-RIDZI Monica Maria,F,33987,RO
IBRISAGIC Anna,F,28125,SE
ILCHEV Stanimir,M,34235,BG
ILVES Toomas Hendrik,M,23860,EE
in 't VELD Sophia,F,28266,NL
IOTOVA Iliana,F,38605,BG
IRUJO AMEZAGA Mikel,M,38733,ES
ISLER BÉGUIN Marie Anne,F,1833,FR
ITÄLÄ Ville,M,28313,FI
ITURGAIZ ANGULO Carlos José,M,28398,ES
IVANOVA Iglika,F,34233,BG
JÄÄTTEENMÄKI Anneli,F,28314,FI
JACKSON Caroline,F,1370,GB
JACOBS Lily,F,39094,NL
JAŁOWIECKI Stanisław,M,28277,PL
JANOWSKI Mieczysław Edmund,M,28355,PL
JÁRÓKA Lívia,F,28141,HU
JARZEMBOWSKI Georg,M,1,DE
JEGGLE Elisabeth,F,4271,DE
JELEVA Rumiana,F,38609,BG
JENSEN Anne E.,F,4440,DK
JOAN i MARÍ Bernat,M,28412,ES
JONCKHEER Pierre,M,4255,BE
JÖNS Karin,F,1904,DE
JORDAN Romana,F,28291,SI
JØRGENSEN Dan,M,28156,DK
JOUYE DE GRANDMAISON Madeleine,F,39629,FR
JURI Aurelio,M,94577,SI
KACIN Jelko,M,23691,SI
KACZMAREK Filip,M,28280,PL
KALLENBACH Gisela,F,28236,DE
KAMALL Syed,M,33569,GB
KAMIŃSKI Michał Tomasz,M,23792,PL
KARAS Othmar,M,4246,AT
KARATZAFERIS Georgios,M,28587,GR
KARIM Sajjad,M,28481,GB
KASOULIDES Ioannis,M,28474,CY
KASTLER Martin,M,25919,DE
KAUFMANN Sylvia-Yvonne,F,1849,DE
KAUPPI Piia-Noora,F,4258,FI
KAZAK Metin,M,38613,BG
KAZAK Tchetin,M,34251,BG
KELAM Tunne,M,28424,EE
KELEMEN Atilla Béla Ladislau,M,33981,RO
KILROY-SILK Robert,M,28492,GB
KINDERMANN Heinz,M,1905,DE
KINNOCK Glenys,F,2123,GB
KIRILOV Evgeni,M,34231,BG
KIRKHOPE Timothy,M,4542,GB
KLAMT Ewa,F,4278,DE
KLASS Christa,F,1929,DE
KLICH Bogdan,M,23780,PL
KLINZ Wolf,M,28244,DE
KNAPMAN Roger,M,28505,GB
KOCH Dieter-Lebrecht,M,1852,DE
KOCH-MEHRIN Silvana,F,28241,DE
KOHLÍČEK Jaromír,M,28331,CZ
KONRAD Christoph,M,2225,DE
KÓNYA-HAMAR Sándor,M,33988,RO
KOPPA Maria Eleni,F,39319,GR
KORHOLA Eija-Riitta,F,4260,FI
KÓSÁNÉ KOVÁCS Magda,F,23807,HU
KOTEREC Miloš,M,28181,SK
KOZLÍK Sergej,M,23873,SK
KRAHMER Holger,M,28247,DE
KRARUP Ole,M,1919,DK
KRASTS Guntars,M,26828,LV
KRATSA-TSAGAROPOULOU Rodi,F,4482,GR
KREHL Constanze,F,1854,DE
KREISSL-DÖRFLER Wolfgang,M,1935,DE
KRISTENSEN Henrik Dam,M,28152,DK
KRISTOVSKIS Ģirts Valdis,M,28616,LV
KRUPA Urszula,F,28334,PL
KUC Wiesław Stefan,M,28374,PL
KUDRYCKA Barbara,F,28284,PL
KUHNE Helmut,M,1908,DE
KUŁAKOWSKI Jan Jerzy,M,28386,PL
KUŠĶIS Aldis,M,23853,LV
KUSSTATSCHER Sepp,M,28418,IT
KUŹMIUK Zbigniew,M,28389,PL
LAGENDIJK Joost,M,2329,NL
LAIGNEL André,M,1980,FR
LAMASSOURE Alain,M,1204,FR
LAMBERT Jean,F,4531,GB
LAMBRINIDIS Stavros,M,28576,GR
LAMBSDORFF Alexander Graf,M,28242,DE
LANDSBERGIS Vytautas,M,23746,LT
LANG Carl,M,2057,FR
de LANGE Esther,F,38398,NL
LANGEN Werner,M,1928,DE
LANGENDRIES Raymond,M,28842,BE
LAPERROUZE Anne,F,28209,FR
LA RUSSA Romano Maria,M,28416,IT
LASCHET Armin,M,4280,DE
LAUK Kurt Joachim,M,28222,DE
LAVARRA Vincenzo,M,4455,IT
LAX Henrik,M,28262,FI
LEBECH Johannes,M,39762,DK
LECHNER Kurt,M,4283,DE
LE FOLL Stéphane,M,28162,FR
LEFRANÇOIS Roselyne,F,38846,FR
LEHIDEUX Bernard,M,2326,FR
LEHNE Klaus-Heiner,M,2224,DE
LEHTINEN Lasse,M,28263,FI
LEICHTFRIED Jörg,M,28251,AT
LEINEN Jo,M,4262,DE
LEONTINI Innocenzo,M,72754,IT
LE PEN Jean-Marie,M,1023,FR
LE PEN Marine,F,28210,FR
LE RACHINEL Fernand,M,2066,FR
LETTA Enrico,M,28413,IT
LÉVAI Katalin,F,28200,HU
LEWANDOWSKI Janusz,M,23781,PL
LIBERADZKI Bogusław,M,23768,PL
LIBICKI Marcin,M,24087,PL
LICHTENBERGER Eva,F,28253,AT
LIENEMANN Marie-Noëlle,F,1708,FR
LIEPIŅA Liene,F,23852,LV
LIESE Peter,M,1927,DE
LIOTARD Kartika Tamara,F,28182,NL
LIPIETZ Alain,M,4384,FR
LOCATELLI Pia Elda,F,28976,IT
LO CURTO Eleonora,F,93515,IT
LOMBARDO Raffaele,M,4472,IT
LÓPEZ-ISTÚRIZ WHITE Antonio,M,28399,ES
LOSCO Andrea,M,36393,IT
LOUIS Patrick,,28217,FR
LUCAS Caroline,F,4524,GB
LUDFORD Sarah,F,4529,GB
LULLING Astrid,F,1186,LU
LUNDGREN Nils,M,28142,SE
LUQUE AGUILAR Florencio,M,40602,ES
LYNNE Elizabeth,F,4541,GB
LYUBCHEVA Marusya,F,37524,BG
MAAT Albert Jan,M,4492,NL
MAATEN Jules,M,4501,NL
McAVAN Linda,F,2327,GB
McCARTHY Arlene,F,2173,GB
McDONALD Mary Lou,F,28111,IE
McGUINNESS Mairead,F,28115,IE
McMILLAN-SCOTT Edward,M,1405,GB
MADEIRA Jamila,F,28317,PT
MALDEIKIS Eugenijus,M,23745,LT
MALMSTRÖM Cecilia,F,4273,SE
MANDERS Toine,M,4560,NL
MĂNESCU Ramona Nicole,F,39717,RO
MAŇKA Vladimír,M,28192,SK
MANN Erika,F,1898,DE
MANN Thomas,M,1922,DE
MANOLAKOU Diamanto,F,28585,GR
MANOLE Adrian,M,95016,RO
MANTOVANI Mario,M,4395,IT
MARINESCU Marian-Jean,M,33982,RO
MARINI Catiuscia,F,41006,IT
MARKOV Helmuth,M,4303,DE
MARQUES Sérgio,M,4452,PT
MARTENS Maria,F,4559,NL
MARTIN David,M,1403,GB
MARTIN Hans-Peter,M,4238,AT
MARTINEZ Jean-Claude,M,966,FR
MARTÍNEZ MARTÍNEZ Miguel Angel,M,4346,ES
MASIEL Jan Tadeusz,M,28375,PL
MASIP HIDALGO Antonio,M,28338,ES
MAŠTÁLKA Jiří,M,23704,CZ
MASTENBROEK Edith,F,28169,NL
MATHIEU HOUILLON Véronique,F,4412,FR
MATO ADROVER Ana,F,28383,ES
MATSAKIS Marios,M,23881,CY
MATSIS Yiannakis,M,28516,CY
MATSOUKA Maria,F,28575,GR
MATULA Iosif,M,95017,RO
MAURO Mario,M,4393,IT
MAVROMMATIS Manolis,M,28574,GR
MAYER Hans-Peter,M,4275,DE
MAYOR OREJA Jaime,M,28362,ES
MEDINA ORTEGA Manuel,M,1337,ES
MEIJER Erik,M,4508,NL
MÉNDEZ DE VIGO Íñigo,M,1873,ES
MENÉNDEZ del VALLE Emilio,M,4348,ES
MEYER Willy,M,28407,ES
MIGUÉLEZ RAMOS Rosa,F,4349,ES
MIHĂESCU Eugen,M,34000,RO
MIHALACHE Dan,M,36696,RO
MIKKO Marianne,F,28421,EE
MIKOLÁŠIK Miroslav,M,28178,SK
MILLÁN MON Francisco José,M,28400,ES
MITCHELL Gay,M,28112,IE
MLADENOV Nickolay,M,38607,BG
MOHÁCSI Viktória,F,30099,HU
MOISUC Viorica-Pompilia-Georgeta,F,37450,RO
MÖLZER Andreas,M,28255,AT
MONTORO ROMERO Cristobal,M,28385,ES
MORAES Claude,M,4519,GB
MORENO SÁNCHEZ Javier,M,28347,ES
MORGAN Eluned,F,2171,GB
MORGANTINI Luisa,F,4453,IT
MORILLON Philippe,M,4332,FR
MORIN-CHARTIER Elisabeth,F,38596,FR
MORŢUN Alexandru-Ioan,M,34482,RO
MOSCOVICI Pierre,M,1983,FR
MOTE Ashley,M,28507,GB
MULDER Jan,M,1965,NL
MUSACCHIO Roberto,M,28977,IT
MUSCĂ Monica Octavia,F,33983,RO
MUSCARDINI Cristiana,F,1073,IT
MUSCAT Joseph,M,28121,MT
MUSOTTO Francesco,M,4471,IT
MUSSA Antonio,M,21951,IT
MUSSOLINI Alessandra,F,28429,IT
MUSUMECI Sebastiano (Nello),M,1944,IT
MYLLER Riitta,F,2062,FI
NAPOLETANO Pasqualina,F,1065,IT
NARANJO ESCOBAR Juan Andrés,M,5537,ES
NASSAUER Hartmut,M,1920,DE
NATTRASS Mike,M,28506,GB
NAVARRO Robert,M,28164,FR
NAZARE Alexandru,M,95019,RO
NECHIFOR Cătălin-Ioan,M,39707,RO
NERIS Catherine,F,38847,FR
NEWTON DUNN Bill,M,1394,GB
NEYTS-UYTTEBROECK Annemie,F,1946,BE
NICHOLSON James,M,1318,GB
NICHOLSON OF WINTERBOURNE ,F,4522,GB
NICOLAE Şerban,M,34001,RO
NICULESCU Rareş-Lucian,M,39714,RO
NIEBLER Angelika,F,4289,DE
van NISTELROOIJ Lambert,M,28165,NL
NOVAK Ljudmila,F,28294,SI
OBIOLS Raimon,M,4328,ES
OCCHETTO Achille,M,1094,IT
ÖGER Vural,M,28230,DE
OLAJOS Péter,M,28636,HU
OLBRYCHT Jan Marian,M,28288,PL
Ó NEACHTAIN Seán,M,22861,IE
ONESTA Gérard,M,1838,FR
ONYSZKIEWICZ Janusz,M,28387,PL
OOMEN-RUIJTEN Ria,F,1122,NL
OPREA Dumitru,M,39723,RO
ORTUONDO LARREA Josu,M,4377,ES
ŐRY Csaba,M,23819,HU
OUZKÝ Miroslav,M,23705,CZ
OVIIR Siiri,F,26829,EE
ÖZDEMIR Cem,M,28235,DE
PAASILINNA Reino,M,2301,FI
PACK Doris,F,1191,DE
PAFILIS Athanasios,M,28583,GR
PAGANO Maria Grazia,F,72727,IT
PAHOR Borut,M,28312,SI
PALECKIS Justas Vincas,M,28279,LT
PÁLFI István,M,28147,HU
PANAYOTOPOULOS-CASSIOTOU Marie,F,28571,GR
PANAYOTOV Vladko Todorov,M,38602,BG
PANNELLA Marco,M,1002,IT
PANZERI Pier Antonio,M,28365,IT
PAPADIMOULIS Dimitrios,M,28586,GR
PAPARIZOV Atanas,M,34229,BG
PAPASTAMKOS Georgios,M,28572,GR
PARISH Neil,M,4528,GB
PARVANOVA Antonyia,F,34234,BG
PAŞCU Ioan Mircea,M,33984,RO
PATRICIELLO Aldo,M,36392,IT
PATRIE Béatrice,F,4309,FR
PAVILIONIS Rolandas,M,28289,LT
PEILLON Vincent,M,28166,FR
PĘK Bogdan,M,28337,PL
PETERLE Alojz,M,23693,SI
PETRE Maria,F,34002,RO
PFLÜGER Tobias,M,28249,DE
PIECYK Willi,M,1866,DE
PIEPER Markus,M,28224,DE
PIETIKÄINEN Sirpa,F,40599,FI
PĪKS Rihards,M,23848,LV
PINHEIRO João de Deus,M,28381,PT
PINIOR Józef,M,28392,PL
PIOTROWSKI Mirosław,M,28341,PL
PIRILLI Umberto,M,29073,IT
PIRKER Hubert,M,2307,AT
PISKORSKI Paweł Bartłomiej,M,28296,PL
PISTELLI Lapo,M,28420,IT
PITTELLA Gianni,M,4436,IT
PLEGUEZUELOS AGUILAR Francisca,F,28326,ES
PLEŠTINSKÁ Zita,F,28173,SK
PLUMB Rovana,F,38595,RO
PODESTÀ Guido,M,2046,IT
PODGOREAN Radu,M,33985,RO
PODIMATA Anni,F,39317,GR
PODKAŃSKI Zdzisław Zbigniew,M,28391,PL
POHJAMO Samuli,M,2340,FI
POIGNANT Bernard,M,4311,FR
POLFER Lydie,F,28862,LU
POLI BORTONE Adriana,F,4467,IT
POMÉS RUIZ José Javier,M,1882,ES
POPA Mihaela,F,39715,RO
POPA Nicolae Vlad,M,34003,RO
POPEANGĂ Petre,M,33986,RO
PORTAS Miguel,M,28406,PT
POSDORF Horst,M,34727,DE
POSSELT Bernd,M,2229,DE
POST Joop,M,38160,NL
PÖTTERING Hans-Gert,M,1253,DE
PRETS Christa,F,4239,AT
PRIBETICH Pierre,M,38845,FR
PROCACCI Giovanni,M,4460,IT
PRODI Vittorio,M,28370,IT
PROTASIEWICZ Jacek,M,23782,PL
PURVIS John,M,729,GB
PUŞCAŞ Vasile,M,38270,RO
QUEIRÓ Luís,M,4461,PT
QUISTHOUDT-ROWOHL Godelieve,F,1055,DE
RACK Reinhard,M,2206,AT
RADWAN Alexander,M,4292,DE
RAEVA Bilyana Ilieva,F,38600,BG
RAINYTÉ-BODARD Ona,F,28273,LT
RANSDORF Miloslav,M,23706,CZ
RAPKAY Bernhard,M,1906,DE
RASMUSSEN Poul Nyrup,M,28149,DK
REMEK Vladimír,M,28330,CZ
RESETARITS Karin,F,28254,AT
REUL Herbert,M,28225,DE
REYNAUD Marie-Line,F,28168,FR
RIBEIRO Sérgio,M,234,PT
RIBEIRO E CASTRO José,M,5570,PT
RIERA MADURELL Teresa,F,28349,ES
RIES Frédérique,F,4253,BE
RIIS-JØRGENSEN Karin,F,1926,DK
RIVERA Giovanni,M,33611,IT
RIZZO Marco,M,28410,IT
ROBSAHM Maria,F,28128,SE
ROBUSTI Giovanni,M,58757,IT
ROCARD Michel,M,1977,FR
RODUST Ulrike,F,93624,DE
ROGALSKI Bogusław,M,28343,PL
ROITHOVÁ Zuzana,F,28352,CZ
ROMAGNOLI Luca,M,28457,IT
ROMEVA i RUEDA Raül,M,28409,ES
ROSATI Dariusz,M,28394,PL
ROSZKOWSKI Wojciech,M,28356,PL
ROTH-BEHRENDT Dagmar,F,1183,DE
ROTHE Mechtild,F,1237,DE
ROUČEK Libor,M,23707,CZ
ROURE Martine,F,4313,FR
ROVSING Christian,M,1269,DK
RÜBIG Paul,M,2278,AT
RUDI UBEDA Luisa Fernanda,F,28378,ES
RÜHLE Heide,F,4294,DE
RUS Flaviu Călin,M,72759,RO
RUTOWICZ Leopold Józef,M,28376,PL
RYAN Eoin,M,28113,IE
SACCONI Guido,M,4425,IT
SAÏFI Tokia,F,4345,FR
SAKALAS Aloyzas,M,28281,LT
SAKS Katrin,F,37200,EE
SALAFRANCA SÁNCHEZ-NEYRA José Ignacio,M,2002,ES
SALINAS GARCÍA María Isabel,F,28361,ES
SALVINI Matteo,M,28404,IT
SAMARAS Antonis,M,28548,GR
SAMUELSEN Anders,M,28160,DK
SÁNCHEZ PRESEDO Antolín,M,28295,ES
SANTORO Michele,M,28333,IT
dos SANTOS Manuel António,M,21918,PT
SANZARELLO Sebastiano,M,58727,IT
SANZ PALACIO Salvador Domingo,M,40603,ES
SÂRBU Daciana Octavia,F,33989,RO
SARTORI Amalia,F,4423,IT
SARYUSZ-WOLSKI Jacek,M,28297,PL
SAVARY Gilles,M,4306,FR
SAVI Toomas,M,23864,EE
SBARBATI Luciana,F,4428,IT
SCHALDEMOSE Christel,F,37312,DK
SCHAPIRA Pierre,M,28172,FR
SCHEELE Karin,F,4242,AT
SCHENARDI Lydia,F,28211,FR
SCHIERHUBER Agnes,F,2209,AT
SCHINAS Margaritis,M,39315,GR
SCHLYTER Carl,M,28139,SE
SCHMIDT Frithjof,M,28237,DE
SCHMIDT Olle,M,4274,SE
SCHMITT Ingo,M,4272,DE
SCHMITT Pál,M,28133,HU
SCHNELLHARDT Horst,M,1930,DE
SCHÖPFLIN György,M,28135,HU
SCHRÖDER Jürgen,M,1858,DE
SCHROEDTER Elisabeth,F,1933,DE
SCHULZ Martin,M,1911,DE
SCHUTH Willem,M,28245,DE
SCHWAB Andreas,M,28223,DE
SEEBER Richard,M,28252,AT
SEEBERG Gitte,F,28158,DK
SEGELSTRÖM Inger,F,28129,SE
SEPPÄNEN Esko,M,2304,FI
ŞERBU Gheorghe Vergil,M,37451,RO
SEVERIN Adrian,M,33990,RO
SHOULEVA Lydia,F,34236,BG
SIEKIERSKI Czesław Adam,M,23787,PL
SIFUNAKIS Nikolaos,M,28582,GR
SIITONEN Eva-Riitta,F,95014,FI
SILAGHI Ovidiu Ioan,M,33991,RO
SILVA PENEDA José Albino,M,28402,PT
SIMONOT Chantal,F,28212,FR
SIMPSON Brian,M,1309,GB
SINNOTT Kathy,F,28119,IE
SIWIEC Marek,M,28380,PL
SJÖSTEDT Jonas,M,2268,SE
SKINNER Peter,M,2081,GB
ŠKOTTOVÁ Nina,F,28319,CZ
SMITH Alyn,M,28508,GB
SOFIANSKI Stefan,M,34256,BG
SÓGOR Csaba,M,39724,RO
SOMMER Renate,F,4282,DE
SØNDERGAARD Søren Bo,M,37676,DK
SONIK Bogusław,M,28299,PL
SORNOSA MARTÍNEZ María,F,1970,ES
SOULAGE Bernard,M,95298,FR
SOUSA PINTO Sérgio,M,4445,PT
SPAUTZ Jean,M,684,LU
SPERONI Francesco Enrico,M,997,IT
STAES Bart,M,4751,BE
STĂNESCU Cristian,M,37449,RO
STANISZEWSKA Grażyna,F,28388,PL
STARKEVIČIŪTĖ Margarita,F,28285,LT
ŠŤASTNÝ Peter,M,28170,SK
STAUNER Gabriele,F,4293,DE
STAVREVA Petya,F,38608,BG
STENZEL Ursula,F,2294,AT
STERCKX Dirk,M,4243,BE
STEVENSON Struan,M,4546,GB
STIHLER Catherine,F,4545,GB
STOCKMANN Ulrich,M,1859,DE
STOLOJAN Theodor Dumitru,M,39721,RO
STOYANOV Dimitar,M,34254,BG
STREJČEK Ivo,M,28320,CZ
STROŽ Daniel,M,28339,CZ
STUBB Alexander,M,28261,FI
STURDY Robert,M,2037,GB
SUDRE Margie,F,4340,FR
SUMBERG David,M,4539,GB
SURJÁN László,M,23820,HU
SUSTA Gianluca,M,36396,IT
SVENSSON Eva-Britt,F,28134,SE
SWOBODA Hannes,M,2295,AT
SZABÓ Károly Ferenc,M,34004,RO
SZÁJER József,M,23821,HU
SZEJNA Andrzej Jan,M,28382,PL
SZENT-IVÁNYI István,M,23830,HU
SZYMAŃSKI Konrad,M,28358,PL
TABAJDI Csaba Sándor,M,23808,HU
TAJANI Antonio,M,2187,IT
TAKKULA Hannu,M,28316,FI
TANNOCK Charles,M,4521,GB
TARABELLA Marc,M,29579,BE
TARAND Andres,M,28980,EE
TATARELLA Salvatore,M,1945,IT
TEYCHENNÉ Michel,M,94281,FR
THOMSEN Britta,F,28153,DK
THYSSEN Marianne,F,1832,BE
ŢICĂU Silvia-Adriana,F,36281,RO
ŢÎRLE Radu,M,34005,RO
TITFORD Jeffrey,M,4515,GB
TITLEY Gary,M,1311,GB
TOIA Patrizia,F,28340,IT
TŐKÉS László,M,39726,HU
TOMA Horia-Victor,M,38421,RO
TOMASZEWSKA Ewa,F,39022,PL
TOMCZAK Witold,M,24089,PL
TOUBON Jacques,M,28198,FR
TOUSSAS Georgios,M,28584,GR
TRAKATELLIS Antonios,M,2182,GR
TRAUTMANN Catherine,F,1129,FR
TRIANTAPHYLLIDES Kyriacos,M,28514,CY
TRÜPEL Helga,F,28240,DE
TURMES Claude,M,4432,LU
TZAMPAZI Evangelia,F,28581,GR
UCA Feleknas,F,4302,DE
ULMER Thomas,M,28221,DE
URUTCHEV Vladimir,M,38601,BG
VAIDERE Inese,F,28617,LV
VAKALIS Nikolaos,M,28573,GR
VĂLEAN Adina-Ioana,F,37324,RO
VALENCIANO MARTÍNEZ-OROZCO Elena,F,4334,ES
VALLVÉ Joan,M,1976,ES
VANHECKE Frank,M,1956,BE
VAN HECKE Johan,M,4241,BE
VAN LANCKER Anne,F,1938,BE
VAN ORDEN Geoffrey,M,4513,GB
VARELA SUANZES-CARPEGNA Daniel,M,2000,ES
VARVITSIOTIS Ioannis,M,28547,GR
VATANEN Ari,M,4256,FR
VAUGRENARD Yannick,M,28175,FR
VÄYRYNEN Paavo,M,2128,FI
VENETO Armando,M,36390,IT
VENTRE Riccardo,M,28437,IT
VERALDI Donato Tommaso,M,36394,IT
VERGÈS Paul,M,1490,FR
VERGNAUD Bernadette,F,28177,FR
VERNOLA Marcello,M,28439,IT
VIDAL-QUADRAS Alejo,M,4308,ES
VIGENIN Kristian,M,34232,BG
de VILLIERS Philippe,M,2212,FR
VILLIERS Theresa,F,4520,GB
VINCENZI Marta,F,28335,IT
VIRRANKOSKI Kyösti,M,2306,FI
VISSER Cornelis,M,39534,NL
VLASÁK Oldřich,M,28323,CZ
VLASTO Dominique,F,5737,FR
VOGGENHUBER Johannes,M,2053,AT
WAGENKNECHT Sahra,F,28250,DE
WALLIS Diana,F,4544,GB
WALTER Ralf,M,1910,DE
WATSON Graham,M,2155,GB
WEBER Henri,M,2319,FR
WEBER Manfred,M,28229,DE
WEBER Renate,F,39713,RO
WEILER Barbara,F,1907,DE
WEISGERBER Anja,F,28227,DE
WESTLUND Åsa,F,28130,SE
WHITEHEAD Phillip,M,2174,GB
WHITTAKER John,M,28509,GB
WIELAND Rainer,M,2323,DE
WIELOWIEYSKI Andrzej,M,93543,PL
WIERSMA Jan Marinus,M,1952,NL
WIERZEJSKI Wojciech,M,28344,PL
WIJKMAN Anders,M,4276,SE
WILLMOTT Glenis,F,35743,GB
WINKLER Iuliu,M,39725,RO
WISE Thomas,M,28496,GB
von WOGAU Karl,M,1224,DE
WOHLIN Lars,M,28144,SE
WOJCIECHOWSKI Bernard,M,34720,PL
WOJCIECHOWSKI Janusz,M,23784,PL
WORTMANN-KOOL Corien,F,28167,NL
WUERMELING Joachim,M,4291,DE
WURTZ Francis,M,1018,FR
WYNN Terence,M,1295,GB
XENOGIANNAKOPOULOU Marilisa,F,28577,GR
YÁÑEZ-BARNUEVO GARCÍA Luis,M,28278,ES
ZÁBORSKÁ Anna,F,23894,SK
ZAHRADIL Jan,M,23712,CZ
ZALESKI Zbigniew,M,28300,PL
ZANI Mauro,M,28414,IT
ZANICCHI Iva,F,41007,IT
ZAPAŁOWSKI Andrzej Tomasz,M,33946,PL
ZAPPALA' Stefano,M,4433,IT
ZATLOUKAL Tomáš,M,28351,CZ
ŽDANOKA Tatjana,F,28619,LV
ZDRAVKOVA Dushana,F,38604,BG
ŽELEZNÝ Vladimír,M,28357,CZ
ZGONEA Valeriu Ştefan,M,33993,RO
ZIELENIEC Josef,M,28348,CZ
ZĪLE Roberts,M,28615,LV
ZIMMER Gabriele,F,28248,DE
ZIMMERLING Jürgen,M,4281,DE
ZINGARETTI Nicola,M,28419,IT
ZLOTEA Marian,M,39709,RO
ZVĚŘINA Jaroslav,M,28921,CZ
ZWIEFKA Tadeusz,M,28301,PL
